{
	"format_version": "1.12.0",
	"minecraft:geometry": [
		{
			"description": {
				"identifier": "geometry.unknown",
				"texture_width": 64,
				"texture_height": 64,
				"visible_bounds_width": 3,
				"visible_bounds_height": 3.5,
				"visible_bounds_offset": [0, 1.25, 0]
			},
			"bones": [
				{
					"name": "PlayerWide",
					"pivot": [0, 12, 0]
				},
				{
					"name": "Waist",
					"parent": "PlayerWide",
					"pivot": [0, 12, 0]
				},
				{
					"name": "Head",
					"parent": "Waist",
					"pivot": [0, 24, 0],
					"cubes": [
						{"origin": [-4, 24, -4], "size": [8, 8, 8], "uv": [0, 0]},
						{"origin": [-4, 24, -4], "size": [8, 8, 8], "inflate": 0.5, "uv": [32, 0]}
					]
				},
				{
					"name": "Face",
					"parent": "Head",
					"pivot": [0, 24, 0],
					"cubes": [
						{
							"origin": [-2, 24, -4.01],
							"size": [4, 2, 0],
							"uv": {
								"north": {"uv": [56, 16], "uv_size": [8, 4]}
							}
						}
					]
				},
				{
					"name": "RightEye",
					"parent": "Face",
					"pivot": [-2, 26.75, -4],
					"cubes": [
						{
							"origin": [-3, 26, -4.01],
							"size": [2, 1.75, 0],
							"uv": {
								"north": {"uv": [1, 4], "uv_size": [2, 2]}
							}
						},
						{
							"origin": [-2, 26.12, -4.02],
							"size": [0.9, 1.5, 0],
							"uv": {
								"north": {"uv": [2, 6], "uv_size": [1, 2]}
							}
						},
						{
							"origin": [-3, 27.75, -4.02],
							"size": [2, 1, 0],
							"uv": {
								"north": {"uv": [1, 3], "uv_size": [2, 1]}
							}
						}
					]
				},
				{
					"name": "LeftEye",
					"parent": "Face",
					"pivot": [2, 26.75, -4],
					"cubes": [
						{
							"origin": [1, 26, -4.01],
							"size": [2, 1.75, 0],
							"uv": {
								"north": {"uv": [5, 4], "uv_size": [2, 2]}
							}
						},
						{
							"origin": [1.1, 26.12, -4.02],
							"size": [0.9, 1.5, 0],
							"uv": {
								"north": {"uv": [5, 6], "uv_size": [1, 2]}
							}
						},
						{
							"origin": [1, 27.75, -4.02],
							"size": [2, 1, 0],
							"uv": {
								"north": {"uv": [5, 3], "uv_size": [2, 1]}
							}
						}
					]
				},
				{
					"name": "Body",
					"parent": "Waist",
					"pivot": [0, 12, 0],
					"cubes": [
						{"origin": [-4, 12, -2], "size": [8, 12, 4], "uv": [16, 16]},
						{"origin": [-4, 12, -2], "size": [8, 12, 4], "inflate": 0.25, "uv": [16, 32]}
					]
				},
				{
					"name": "RightArm",
					"parent": "Waist",
					"pivot": [-5, 22, 0],
					"cubes": [
						{"origin": [-8, 12, -2], "size": [4, 12, 4], "uv": [40, 16]},
						{"origin": [-8, 12, -2], "size": [4, 12, 4], "inflate": 0.25, "uv": [40, 32]}
					]
				},
				{
					"name": "LeftArm",
					"parent": "Waist",
					"pivot": [5, 22, 0],
					"cubes": [
						{"origin": [4, 12, -2], "size": [4, 12, 4], "uv": [32, 48]},
						{"origin": [4, 12, -2], "size": [4, 12, 4], "inflate": 0.25, "uv": [48, 48]}
					]
				},
				{
					"name": "RightLeg",
					"parent": "PlayerWide",
					"pivot": [-1.9, 12, 0],
					"cubes": [
						{"origin": [-3.9, 0, -2], "size": [4, 12, 4], "uv": [0, 16]},
						{"origin": [-3.9, 0, -2], "size": [4, 12, 4], "inflate": 0.25, "uv": [0, 32]}
					]
				},
				{
					"name": "LeftLeg",
					"parent": "PlayerWide",
					"pivot": [1.9, 12, 0],
					"cubes": [
						{"origin": [-0.1, 0, -2], "size": [4, 12, 4], "uv": [16, 48]},
						{"origin": [-0.1, 0, -2], "size": [4, 12, 4], "inflate": 0.25, "uv": [0, 48]}
					]
				}
			]
		}
	]
}